model_type,input_shape,amplitude_shape,data_dir,seed,var_y,activation,width,depth,skip_block_layers,beta,alpha,normal_scaled,lr_decay_type,initial_lr,final_lr,decay_steps,train-sample-size,validate-sample-size,test-sample-size,use_MC_sample,batch_size,steps_per_epoch,early_stopping_start_epoch,patience,monitor,loss,gradient_clipping,verbose,base_directory,epochs,model-uuid,start_time,device,directory,train-samples-used,validate-samples-used,test-samples-used,n_targets,scaling,trainable_parameters,non_trainable_parameters,total_parameters,final_decayed_lr,final_validation_r2,final_validation_loss,last_epoch,n_training_epochs,fit_time,end_time,training_status,config_path,bn_mode,dropout_rate,load_checkpoint,tm_r2_y5,tm_r2_y6,tm_r2_model,tm_abs_score_y5,tm_abs_score_y6,tm_abs_score_model
dense-net,4,36,/scratch/akula.ha/dataset,42,"['y5', 'y6']",leaky_relu,32,5,5,0,0,False,exp,0.0015,1e-06,120000,10000000,500000,500000,False,1024,2400,50,50,val_mse,mse,True,1,../models/,2000,0e0c5e53,2025-04-25 04:44:10 -0400,cuda,../models/dense-net-torch-4D-y5_y6-0e0c5e53,6,6,6,2,{},38786,0,38786,5.023938105638838e-05,99.71869931212159,0.02861483630493099,147,97,2:33:45,2025-04-25 07:20:47 -0400,complete,../models/dense-net-torch-4D-y5_y6-0e0c5e53--5-32-leaky_relu-1024-adam-exp-schedule-mse-val_mse-96.080134-99.834347/config-0e0c5e53.json,,,,61.03260048662244,41.498694170250936,99.83434668317021,98.57535155878081,99.02945678904918,96.08013418234003
dense-net,4,36,/scratch/akula.ha/dataset,42,"['y5', 'y6']",leaky_relu,32,6,5,0,0,False,exp,0.0015,1e-06,65000,10000000,500000,500000,False,1024,2400,50,50,val_mse,mse,True,1,../models/,2000,1624c9c0,2025-04-25 05:39:28 -0400,cuda,../models/dense-net-torch-4D-y5_y6-1624c9c0,6,6,6,2,{},49570,0,49570,4.346871821137581e-06,99.72144695202314,0.028003875190855176,137,87,2:43:50,2025-04-25 08:26:01 -0400,complete,../models/dense-net-torch-4D-y5_y6-1624c9c0--6-32-leaky_relu-1024-adam-exp-schedule-mse-val_mse-96.607384-99.818795/config-1624c9c0.json,,,,63.20569895186693,41.464859178678715,99.81879486802931,99.0806593330721,98.92111279805319,96.60738406670637
dense-net,4,36,/scratch/akula.ha/dataset,42,"['y5', 'y6']",leaky_relu,32,5,5,0,0,False,exp,0.0015,1e-06,120000,10000000,500000,500000,False,1024,2400,50,50,val_mse,mse,True,1,../models/,2000,2441336d,2025-04-04 19:54:51 -0400,cuda,../models/dense-net-torch-4D-y5_y6-2441336d,6,6,6,2,{},38466,0,38466,0.00010047876211277692,99.53797097340902,0.047811500168268496,117,67,1:44:08,2025-04-04 21:41:54 -0400,complete,../models/dense-net-torch-4D-y5_y6-2441336d--5-32-leaky_relu-1024-adam-exp-schedule-mse-val_mse-93.901960-99.744630/config-2441336d.json,per_block,0.0,,56.05260075246748,26.3603818568688,99.74462970981743,89.24210718320724,99.46017270941121,93.90196046296137
dense-net,4,36,/scratch/akula.ha/dataset,42,"['y5', 'y6']",leaky_relu,32,6,5,0,0,False,exp,0.0015,1e-06,65000,10000000,500000,500000,False,1024,2400,50,50,val_mse,mse,True,1,../models/,2000,57c08c6a,2025-04-04 08:31:44 -0400,cuda,../models/dense-net-torch-4D-y5_y6-57c08c6a,6,6,6,2,{},49378,0,49378,1.4350752443954664e-05,90.4399833176161,0.9054165818639607,109,59,1:32:19,2025-04-04 10:07:09 -0400,complete,../models/dense-net-torch-4D-y5_y6-57c08c6a--6-32-leaky_relu-1024-adam-exp-schedule-mse-val_mse-50.768531-91.272619/config-57c08c6a.json,per_block,0.1,,17.562115569630677,8.257053420733328,91.27261883688004,61.42044811949911,61.50923187078207,50.76853085805004
dense-net,4,36,/scratch/akula.ha/dataset,42,"['y5', 'y6']",leaky_relu,64,4,3,0,0,False,exp,0.0015,1e-06,120000,10000000,500000,500000,False,1024,2400,50,50,val_mse,mse,True,1,../models/,2000,76999ef1,2025-03-30 19:12:16 -0400,cuda,../models/dense-net-torch-4D-y5_y6-76999ef1,6,6,6,2,{},77250,0,77250,2.570683546159258e-05,99.46212360252774,0.05340270560234183,176,126,2:46:30,2025-03-30 22:02:08 -0400,complete,../models/dense-net-torch-4D-y5_y6-76999ef1--4-64-leaky_relu-1024-adam-exp-schedule-mse-val_mse-90.401029-99.512769/config-76999ef1.json,per_block,0.05,,-264.2276984769362,-14227.240365785736,99.51276904311884,88.5577308425903,89.05701992272182,90.40102870472772
dense-net,4,36,/scratch/akula.ha/dataset,42,"['y5', 'y6']",leaky_relu,32,6,5,0,0,False,exp,0.0015,1e-06,65000,10000000,500000,500000,False,1024,2400,50,50,val_mse,mse,True,1,../models/,2000,7a271291,2025-04-05 00:41:47 -0400,cuda,../models/dense-net-torch-4D-y5_y6-7a271291,6,6,6,2,{},49378,0,49378,1.4964208952091249e-06,99.47730412952963,0.046356931177319885,162,112,2:24:35,2025-04-05 03:09:20 -0400,complete,../models/dense-net-torch-4D-y5_y6-7a271291--6-32-leaky_relu-1024-adam-exp-schedule-mse-val_mse-93.871268-99.826051/config-7a271291.json,per_block,0.0,,66.00849093507458,45.00845160955791,99.82605067455101,96.90463135604705,95.78215328309597,93.87126827760251
dense-net,4,36,/scratch/akula.ha/dataset,42,"['y5', 'y6']",leaky_relu,32,5,5,0,0,False,exp,0.0015,1e-06,120000,10000000,500000,500000,False,1024,2400,50,50,val_mse,mse,True,1,../models/,2000,ebb9592a,2025-04-04 07:57:12 -0400,cuda,../models/dense-net-torch-4D-y5_y6-ebb9592a,6,6,6,2,{},38466,0,38466,0.00014209842811034913,91.47620958256847,0.8140934026310315,102,52,1:24:16,2025-04-04 09:24:29 -0400,complete,../models/dense-net-torch-4D-y5_y6-ebb9592a--5-32-leaky_relu-1024-adam-exp-schedule-mse-val_mse-54.971021-93.681968/config-ebb9592a.json,per_block,0.1,,20.041022791720962,13.943740337072818,93.68196846976082,63.41748357293681,44.65313245223934,54.97102071649389
skip-light,4,36,/scratch/akula.ha/dataset,42,"['y5', 'y6']",swish,48,16,3,0,0,False,exp,0.001,1e-06,120000,5000000,500000,500000,False,512,2400,700,200,val_mse,mse,True,1,../models/,2000,549a09e6,2024-10-16 15:19:43 -0400,cuda,../models/skip-light-torch-4D-y5_y6-549a09e6,6,6,6,2,{},113234,0,113234,9.239890216664193e-14,99.71575456943359,0.028242228071331647,1000,800,6:51:51,2024-10-16 22:14:31 -0400,complete,../models/run1/skip-light-torch-4D-y5_y6-549a09e6--16-48-swish-512-adam-exp-schedule-mse-val_mse-94.839228-99.731185/config-549a09e6.json,,,ac518d2c,48.969952813513686,25.773029132748672,99.73118511800403,99.34984673838339,98.45734531132771,94.83922834168872
skip,4,36,/scratch/akula.ha/dataset,42,"['y5', 'y6']",swish,32,16,3,0,0,False,exp,0.003,1e-06,130000,10000000,500000,500000,False,1024,2400,50,50,val_mse,mse,True,1,../models/,2000,10a1dbbf,2024-10-23 16:46:01 -0400,cuda,../models/skip-torch-4D-y5_y6-10a1dbbf,6,6,6,2,{},83778,0,83778,4.213363936854085e-05,99.76906411970467,0.022846020068918237,200,150,6:20:53,2024-10-23 23:10:03 -0400,complete,../models/run1/skip-torch-4D-y5_y6-10a1dbbf--16-32-swish-1024-adam-exp-schedule-mse-val_mse-96.640975-99.835162/config-10a1dbbf.json,,,,51.62347159978682,26.66231681959015,99.83516171518112,99.2839548159863,99.51643439249509,96.64097479056859
skip,4,36,/scratch/akula.ha/dataset,42,"['y5', 'y6']",leaky_relu,48,16,1,0,0,False,exp,0.003,1e-06,120000,5000000,500000,500000,False,1024,2000,50,150,val_mse,mse,True,1,../models/,1000,7e5e3aa1,2024-10-11 14:58:51 -0400,cuda,../models/skip-torch-4D-y5_y6-7e5e3aa1,6,6,6,2,{},111074,0,111074,2.4352672738557853e-06,99.78963187459118,0.021151149565965435,308,158,5:56:19,2024-10-11 20:58:17 -0400,complete,../models/run1/skip-torch-4D-y5_y6-7e5e3aa1--16-48-leaky_relu-1024-adam-exp-schedule-mse-val_mse-96.973942-99.811357/config-7e5e3aa1.json,,,,60.28553070945699,38.30277391992259,99.81135666966632,99.73729040886185,99.70107804558097,96.97394172338379
skip,4,36,/scratch/akula.ha/dataset,42,"['y5', 'y6']",swish,32,16,3,0,0,False,exp,0.001,1e-06,80000,5000000,500000,500000,False,1024,2400,400,150,val_mse,mse,True,1,../models/,2000,befde333,2024-10-20 17:58:10 -0400,cuda,../models/skip-torch-4D-y5_y6-befde333,6,6,6,2,{},83778,0,83778,9.455862412651336e-14,99.75744460712205,0.023581712136120724,666,516,7:04:26,2024-10-21 01:05:27 -0400,complete,../models/run1/skip-torch-4D-y5_y6-befde333--16-32-swish-1024-adam-exp-schedule-mse-val_mse-96.101660-99.768756/config-befde333.json,,,5c84c83c,51.231492411601124,23.54685767561029,99.76875550252085,99.84652855679842,99.47538755617674,96.10165982181547
skip,4,36,/scratch/akula.ha/dataset,42,"['y5', 'y6']",leaky_relu,32,16,1,0,0,False,lambda_exp,0.003,1e-06,120000,5000000,500000,500000,False,1024,2000,50,150,val_mse,mse,True,1,../models/,1000,f1c55367,2024-10-16 15:19:43 -0400,cuda,../models/skip-torch-4D-y5_y6-f1c55367,6,6,6,2,{},49986,0,49986,0.002997817943290019,-3.6892778261619397e+40,4.5152314924521557e+39,204,54,3:05:05,2024-10-16 18:28:02 -0400,complete,../models/run1/skip-torch-4D-y5_y6-f1c55367--16-32-leaky_relu-1024-adam-lambda_exp-schedule-mse-val_mse-93.452656-99.630993/config-f1c55367.json,,,,57.36296567938031,37.19239559131125,99.6309932903489,94.18681021142221,97.74096309821246,93.45265608740057
skip-light,4,36,/scratch/akula.ha/dataset,42,"['y5', 'y6']",leaky_relu,36,4,5,0,0,False,exp,0.003,1e-06,120000,10000000,500000,500000,False,1024,2400,50,50,val_mse,mse,True,1,../models/,2000,09afb824,2025-04-25 05:39:28 -0400,cuda,../models/skip-light-torch-4D-y5_y6-09afb824,6,6,6,2,{},28334,0,28334,0.00017094796660466465,99.66502941046738,0.03430120291314904,124,74,1:56:02,2025-04-25 07:38:13 -0400,complete,../models/skip-light-torch-4D-y5_y6-09afb824--4-36-leaky_relu-1024-adam-exp-schedule-mse-val_mse-94.530318-99.756610/config-09afb824.json,,,,59.85266036194328,39.510363363985626,99.7566095300771,95.27200489107655,99.81848212256173,94.53031801694156
skip-light,4,36,/scratch/akula.ha/dataset,42,"['y5', 'y6']",leaky_relu,29,13,9,0,0,False,exp,0.003,1e-06,120000,10000000,500000,500000,False,2048,2400,5,50,val_mse,mse,True,1,../models/,50,1016a321,2024-11-22 07:14:08 -0500,cuda,../models/skip-light-torch-4D-y5_y6-1016a321,6,6,6,2,{},101995,0,101995,0.0009670277313296825,99.64588603961039,0.03541514255257597,49,47,3:03:46,2024-11-22 10:19:06 -0500,complete,../models/skip-light-torch-4D-y5_y6-1016a321--13-29-leaky_relu-2048-adam-exp-schedule-mse-val_mse-96.675067-99.824156/config-1016a321.json,,,,60.75167358378726,38.93078877006363,99.82415554735063,98.41388994443273,99.97688841171204,96.67506703515414
skip-light,4,36,/scratch/akula.ha/dataset,42,"['y5', 'y6']",leaky_relu,36,4,5,0,0,False,exp,0.003,1e-06,120000,10000000,500000,500000,False,1024,2400,50,50,val_mse,mse,True,1,../models/,2000,14252f09,2025-04-04 08:37:51 -0400,cuda,../models/skip-light-torch-4D-y5_y6-14252f09,6,6,6,2,{},28334,0,28334,0.00017094796660466465,99.66502941046738,0.03430120291314904,124,74,1:58:40,2025-04-04 10:39:28 -0400,complete,../models/skip-light-torch-4D-y5_y6-14252f09--4-36-leaky_relu-1024-adam-exp-schedule-mse-val_mse-94.530318-99.756610/config-14252f09.json,per_layer,,,59.85266036194328,39.510363363985626,99.7566095300771,95.27200489107655,99.81848212256173,94.53031801694156
skip-light,4,36,/scratch/akula.ha/dataset,42,"['y5', 'y6']",leaky_relu,32,10,5,0,0,False,exp,0.003,1e-06,120000,10000000,500000,500000,False,1024,2400,50,50,val_mse,mse,True,1,../models/,2000,2c75d2d4,2025-03-03 10:27:20 -0500,cuda,../models/skip-light-torch-4D-y5_y6-2c75d2d4,6,6,6,2,{},53666,0,53666,2.1368495825582983e-05,99.81377375499183,0.018631037211962735,214,164,4:18:25,2025-03-03 14:48:41 -0500,complete,../models/skip-light-torch-4D-y5_y6-2c75d2d4--10-32-leaky_relu-1024-adam-exp-schedule-mse-val_mse-97.522405-99.878733/config-2c75d2d4.json,per_block,,,62.56697195316603,40.897914689284875,99.87873259648248,98.3729700294145,99.34296186626332,97.5224047258638
skip-light,4,36,/scratch/akula.ha/dataset,42,"['y5', 'y6']",leaky_relu,32,10,5,0,0,False,exp,0.003,1e-06,120000,10000000,500000,500000,False,1024,2400,50,50,val_mse,mse,True,1,../models/,2000,4439c2d3,2024-11-02 20:21:37 -0400,cuda,../models/skip-light-torch-4D-y5_y6-4439c2d3,6,6,6,2,{},53026,0,53026,6.576926064312645e-06,99.95449502012042,0.004631472688359007,265,215,4:26:34,2024-11-03 00:50:57 -0400,complete,../models/skip-light-torch-4D-y5_y6-4439c2d3--10-32-leaky_relu-1024-adam-exp-schedule-mse-val_mse-98.117280-99.951496/config-4439c2d3.json,,,,78.35601472438599,19.22357447953098,99.95149596268271,99.84492972311931,99.17582127287378,98.11727962838984
skip-light,4,36,/scratch/akula.ha/dataset,42,"['y5', 'y6']",leaky_relu,36,2,5,0,0,False,exp,0.003,1e-06,120000,10000000,500000,500000,False,1024,2400,50,50,val_mse,mse,True,1,../models/,2000,5c42c053,2025-03-30 19:20:06 -0400,cuda,../models/skip-light-torch-4D-y5_y6-5c42c053,6,6,6,2,{},14294,0,14294,4.613968688579772e-07,99.90347562520043,0.009492601861439394,380,330,4:12:06,2025-03-30 23:35:15 -0400,complete,../models/skip-light-torch-4D-y5_y6-5c42c053--2-36-leaky_relu-1024-adam-exp-schedule-mse-val_mse-96.549151-99.910900/config-5c42c053.json,per_layer,,,72.88544065652593,63.42430181157963,99.9109003380654,98.33426543727244,99.58770008054087,96.54915137547437
skip-light,4,36,/scratch/akula.ha/dataset,42,"['y5', 'y6']",leaky_relu,26,14,6,0,0,False,exp,0.003,1e-06,120000,10000000,500000,500000,False,1024,2400,50,50,val_mse,mse,True,1,../models/,2000,709da841,2024-11-15 11:50:56 -0500,cuda,../models/skip-light-torch-4D-y5_y6-709da841,6,6,6,2,{},59152,0,59152,3.80743310791982e-05,99.74427734038353,0.02604208353721464,189,139,3:44:59,2024-11-15 15:39:10 -0500,complete,../models/skip-light-torch-4D-y5_y6-709da841--14-26-leaky_relu-1024-adam-exp-schedule-mse-val_mse-96.505790-99.812150/config-709da841.json,,,,56.832814561587305,27.2058774221667,99.81215012234598,98.66828396151338,96.64244640439182,96.50578951854102
skip-light,4,36,/scratch/akula.ha/dataset,42,"['y5', 'y6']",leaky_relu,26,14,6,0,0,False,exp,0.003,1e-06,120000,10000000,500000,500000,False,1024,2400,50,50,val_mse,mse,True,1,../models/,2000,775ca2b6,2024-11-18 11:05:57 -0500,cuda,../models/skip-light-torch-4D-y5_y6-775ca2b6,6,6,6,2,{},59152,0,59152,3.80743310791982e-05,99.74427734038353,0.02604208353721464,189,139,4:29:55,2024-11-18 15:38:56 -0500,complete,../models/skip-light-torch-4D-y5_y6-775ca2b6--14-26-leaky_relu-1024-adam-exp-schedule-mse-val_mse-96.505790-99.812150/config-775ca2b6.json,,,,56.832814561587305,27.2058774221667,99.81215012234598,98.66828396151338,96.64244640439182,96.50578951854102
skip-light,4,36,/scratch/akula.ha/dataset,42,"['y5', 'y6']",leaky_relu,32,10,5,0,0,False,exp,0.003,1e-06,120000,10000000,500000,500000,False,1024,2400,50,50,val_mse,mse,True,1,../models/,2000,800517a0,2025-03-03 02:51:16 -0500,cuda,../models/skip-light-torch-4D-y5_y6-800517a0,6,6,6,2,{},56226,0,56226,0.0002713629820200695,12.585652354898874,8.912548877257237,104,54,3:52:40,2025-03-03 06:46:45 -0500,complete,../models/skip-light-torch-4D-y5_y6-800517a0--10-32-leaky_relu-1024-adam-exp-schedule-mse-val_mse--20.877638-23.832512/config-800517a0.json,per_layer,0.2,,0.023082869271806583,3.523504772105779,23.832512208421015,9.045416569048228,-306.373876260574,-20.877637664040915
skip-light,4,36,/scratch/akula.ha/dataset,42,"['y5', 'y6']",leaky_relu,36,4,3,0,0,False,exp,0.003,1e-06,120000,10000000,500000,500000,False,1024,2400,50,50,val_mse,mse,True,1,../models/,2000,9f0fa061,2025-04-04 08:37:43 -0400,cuda,../models/skip-light-torch-4D-y5_y6-9f0fa061,6,6,6,2,{},17102,0,17102,8.951640036660089e-05,99.47079593949628,0.05124217698925921,152,102,1:53:35,2025-04-04 10:34:09 -0400,complete,../models/skip-light-torch-4D-y5_y6-9f0fa061--4-36-leaky_relu-1024-adam-exp-schedule-mse-val_mse-95.156383-99.779079/config-9f0fa061.json,per_layer,,,60.40191415517694,25.612294575929916,99.77907914598165,96.2915541331029,97.20536648579416,95.15638270295132
skip-light,4,36,/scratch/akula.ha/dataset,42,"['y5', 'y6']",leaky_relu,29,13,9,0,0,False,exp,0.003,1e-06,120000,10000000,500000,500000,False,1024,2400,50,50,val_mse,mse,True,1,../models/,2000,b2bb1ae8,2024-11-18 11:06:57 -0500,cuda,../models/skip-light-torch-4D-y5_y6-b2bb1ae8,6,6,6,2,{},101995,0,101995,0.00011020761621408755,99.78387166806819,0.022947948419303567,143,93,4:35:25,2024-11-18 15:45:19 -0500,complete,../models/skip-light-torch-4D-y5_y6-b2bb1ae8--13-29-leaky_relu-1024-adam-exp-schedule-mse-val_mse-96.667286-99.840031/config-b2bb1ae8.json,,,,56.45943742724023,39.72703555338987,99.84003089456873,98.61645673139446,98.15902163860667,96.66728570698211
skip-light,4,36,/scratch/akula.ha/dataset,42,"['y5', 'y6']",leaky_relu,29,13,9,0,0,False,exp,0.003,1e-06,120000,10000000,500000,500000,False,4096,2400,5,50,val_mse,mse,True,1,../models/,50,b54a9dd5,2024-11-22 10:50:12 -0500,cuda,../models/skip-light-torch-4D-y5_y6-b54a9dd5,6,6,6,2,{},101995,0,101995,0.0009670277313296825,99.69696071697251,0.03190624758118231,49,44,1:57:33,2024-11-22 12:48:52 -0500,complete,../models/skip-light-torch-4D-y5_y6-b54a9dd5--13-29-leaky_relu-4096-adam-exp-schedule-mse-val_mse-95.813576-99.727275/config-b54a9dd5.json,,,,55.69400652999417,22.752960033711854,99.72727540140531,99.76813461999463,99.93540998216251,95.81357615966412
skip-light,4,36,/scratch/akula.ha/dataset,42,"['y5', 'y6']",leaky_relu,36,4,3,0,0,False,exp,0.003,1e-06,120000,10000000,500000,500000,False,1024,2400,50,50,val_mse,mse,True,1,../models/,2000,c3127350,2025-04-25 06:09:08 -0400,cuda,../models/skip-light-torch-4D-y5_y6-c3127350,6,6,6,2,{},17102,0,17102,8.951640036660089e-05,99.47079593949628,0.05124217698925921,152,102,1:56:56,2025-04-25 08:09:01 -0400,complete,../models/skip-light-torch-4D-y5_y6-c3127350--4-36-leaky_relu-1024-adam-exp-schedule-mse-val_mse-95.156383-99.779079/config-c3127350.json,,,,60.40191415517694,25.612294575929916,99.77907914598165,96.2915541331029,97.20536648579416,95.15638270295132
skip-light,4,36,/scratch/akula.ha/dataset,42,"['y5', 'y6']",leaky_relu,46,5,11,0,0,False,exp,0.003,1e-06,120000,10000000,500000,500000,False,1024,2400,50,50,val_mse,mse,True,1,../models/,2000,d69769ad,2024-11-11 23:05:11 -0500,cuda,../models/skip-light-torch-4D-y5_y6-d69769ad,6,6,6,2,{},119234,0,119234,4.909191200721646e-05,99.72459264505605,0.027746457236481135,178,128,3:02:34,2024-11-12 02:11:05 -0500,complete,../models/skip-light-torch-4D-y5_y6-d69769ad--5-46-leaky_relu-1024-adam-exp-schedule-mse-val_mse-96.467376-99.790812/config-d69769ad.json,,,,62.46379131084505,39.925550000908586,99.7908123327758,96.78641608843,98.94276099826885,96.46737554634099
skip-light,4,36,/scratch/akula.ha/dataset,42,"['y5', 'y6']",leaky_relu,32,10,5,0,0,False,exp,0.003,1e-06,120000,10000000,500000,500000,False,1024,2400,50,50,val_mse,mse,True,1,../models/,2000,de8cdea5,2025-03-03 10:56:31 -0500,cuda,../models/skip-light-torch-4D-y5_y6-de8cdea5,6,6,6,2,{},53666,0,53666,3.0925966658739416e-05,99.6186178893165,0.03698516617301996,198,148,4:02:37,2025-03-03 15:02:05 -0500,complete,../models/skip-light-torch-4D-y5_y6-de8cdea5--10-32-leaky_relu-1024-adam-exp-schedule-mse-val_mse-89.764256-99.627760/config-de8cdea5.json,per_block,0.01,,57.97972219167268,46.231689253714414,99.62776015059973,92.81153340339146,99.3020984728563,89.76425550381744
skip-light,4,36,/scratch/akula.ha/dataset,42,"['y5', 'y6']",leaky_relu,32,14,5,0,0,False,exp,0.003,1e-06,120000,10000000,500000,500000,False,1024,2400,50,50,val_mse,mse,True,1,../models/,2000,e0b628c3,2025-03-03 15:24:29 -0500,cuda,../models/skip-light-torch-4D-y5_y6-e0b628c3,6,6,6,2,{},75042,0,75042,0.00010282734184637045,99.61140306721836,0.037602571778711444,146,96,3:30:53,2025-03-03 18:58:11 -0500,complete,../models/skip-light-torch-4D-y5_y6-e0b628c3--14-32-leaky_relu-1024-adam-exp-schedule-mse-val_mse-94.351611-99.717933/config-e0b628c3.json,per_block,,,58.27834994409016,41.96657380077477,99.71793338109092,97.84102116891843,93.74203352282517,94.35161061558928
skip-light,4,36,/scratch/akula.ha/dataset,42,"['y5', 'y6']",leaky_relu,32,10,5,0,0,False,exp,0.003,1e-06,120000,10000000,500000,500000,False,1024,2400,50,50,val_mse,mse,True,1,../models/,2000,f26ebb0f,2025-03-03 10:27:28 -0500,cuda,../models/skip-light-torch-4D-y5_y6-f26ebb0f,6,6,6,2,{},56226,0,56226,7.440942431100879e-05,99.5655634498106,0.04246809908810907,160,110,6:10:02,2025-03-03 16:41:18 -0500,complete,../models/skip-light-torch-4D-y5_y6-f26ebb0f--10-32-leaky_relu-1024-adam-exp-schedule-mse-val_mse-95.534878-99.835524/config-f26ebb0f.json,per_layer,,,66.46872968564513,38.14439348339661,99.83552419782896,97.69673356792546,96.0871821415253,95.5348776926481
skip-light,4,36,/scratch/akula.ha/dataset,42,"['y5', 'y6']",leaky_relu,32,10,5,0,0,False,exp,0.003,1e-06,120000,10000000,500000,500000,False,1024,2400,50,50,val_mse,mse,True,1,../models/,2000,fb6f6b11,2024-11-09 15:24:43 -0500,cuda,../models/skip-light-torch-4D-y5_y6-fb6f6b11,6,6,6,2,{},53026,0,53026,6.576926064312645e-06,99.95449502012042,0.004631472688359007,265,215,5:57:31,2024-11-09 21:25:23 -0500,complete,../models/skip-light-torch-4D-y5_y6-fb6f6b11--10-32-leaky_relu-1024-adam-exp-schedule-mse-val_mse-98.117280-99.951496/config-fb6f6b11.json,,,,78.35601472438599,19.22357447953098,99.95149596268271,99.84492972311931,99.17582127287378,98.11727962838984
skip-light,4,36,/scratch/akula.ha/dataset,42,"['y5', 'y6']",leaky_relu,29,13,9,0,0,False,exp,0.003,1e-06,120000,10000000,500000,500000,False,1024,2400,50,50,val_mse,mse,True,1,../models/,2000,fe15fc3c,2024-11-11 23:06:01 -0500,cuda,../models/skip-light-torch-4D-y5_y6-fe15fc3c,6,6,6,2,{},101995,0,101995,0.00011020761621408755,99.78387166806819,0.022947948419303567,143,93,3:37:22,2024-11-12 02:46:30 -0500,complete,../models/skip-light-torch-4D-y5_y6-fe15fc3c--13-29-leaky_relu-1024-adam-exp-schedule-mse-val_mse-96.667286-99.840031/config-fe15fc3c.json,,,,56.45943742724023,39.72703555338987,99.84003089456873,98.61645673139446,98.15902163860667,96.66728570698211
skip-light,4,36,/scratch/akula.ha/dataset,42,"['y5', 'y6']",leaky_relu,32,10,5,0,0,False,exp,0.003,1e-06,120000,10000000,500000,500000,False,1024,2400,50,50,val_mse,mse,True,1,../models/,2000,ff166325,2025-03-03 10:56:28 -0500,cuda,../models/skip-light-torch-4D-y5_y6-ff166325,6,6,6,2,{},56226,0,56226,4.909191200721646e-05,99.27995521598938,0.07051053409121626,178,128,4:52:59,2025-03-03 15:52:47 -0500,complete,../models/skip-light-torch-4D-y5_y6-ff166325--10-32-leaky_relu-1024-adam-exp-schedule-mse-val_mse-89.049638-99.539715/config-ff166325.json,per_layer,0.01,,56.974213443733746,30.76345293451458,99.53971490459963,88.77265190894057,96.75876706218644,89.0496384295132
skip,4,36,/scratch/akula.ha/dataset,42,"['y5', 'y6']",swish,32,16,3,0,0,False,exp,0.003,1e-06,120000,30000000,500000,500000,False,1024,2400,50,50,val_mse,mse,True,1,../models/,2000,35bcd42f,2024-10-24 17:12:48 -0400,cuda,../models/skip-torch-4D-y5_y6-35bcd42f,6,6,6,2,{},83778,0,83778,0.00018749999999999895,-2.8809065255597233e-05,9.798789899650009,120,70,3:41:26,2024-10-24 20:57:01 -0400,complete,../models/skip-torch-4D-y5_y6-35bcd42f--16-32-swish-1024-adam-exp-schedule-mse-val_mse--16.964800--0.000048/config-35bcd42f.json,,,,-0.37517501632182704,-1.0938829423001728,-4.8079463232930664e-05,5.139228679072005,-18.473536359577878,-16.96480024360456
skip,4,36,/scratch/akula.ha/dataset,42,"['y5', 'y6']",leaky_relu,32,10,8,0,0,False,exp,0.003,1e-06,120000,10000000,500000,500000,False,1024,2400,50,50,val_mse,mse,True,1,../models/,2000,610913d6,2024-10-28 15:56:47 -0400,cuda,../models/skip-torch-4D-y5_y6-610913d6,6,6,6,2,{},104898,0,104898,3.720471215550434e-05,99.9072909192007,0.00964787449408087,190,140,4:59:23,2024-10-28 20:59:01 -0400,complete,../models/skip-torch-4D-y5_y6-610913d6--10-32-leaky_relu-1024-adam-exp-schedule-mse-val_mse-97.639609-99.903871/config-610913d6.json,,,,65.77517386599112,42.96968804153888,99.90387107655354,99.98217104707075,99.20648016106026,97.6396088028746
skip,4,36,/scratch/akula.ha/dataset,42,"['y5', 'y6']",leaky_relu,32,16,3,0,0,False,exp,0.003,1e-06,120000,10000000,500000,500000,False,1024,2400,50,50,val_mse,mse,True,1,../models/,2000,728c1548,2024-10-24 16:54:24 -0400,cuda,../models/skip-torch-4D-y5_y6-728c1548,6,6,6,2,{},83778,0,83778,8.352175482565618e-05,99.75178018442043,0.023734553916234018,155,105,3:39:02,2024-10-24 20:36:29 -0400,complete,../models/skip-torch-4D-y5_y6-728c1548--16-32-leaky_relu-1024-adam-exp-schedule-mse-val_mse-97.085949-99.846589/config-728c1548.json,,,,60.234687302276654,33.295829533261454,99.84658918605143,98.58601208135443,99.2696596285035,97.08594877961633
skip,4,36,/scratch/akula.ha/dataset,42,"['y5', 'y6']",leaky_relu,32,12,5,0,0,False,exp,0.003,1e-06,120000,10000000,500000,500000,False,1024,2400,50,50,val_mse,mse,True,1,../models/,2000,a477dbb0,2024-10-31 19:18:56 -0400,cuda,../models/skip-torch-4D-y5_y6-a477dbb0,6,6,6,2,{},88002,0,88002,1.8177477677738878e-05,99.51762044929869,0.04601627859008445,221,171,4:57:39,2024-11-01 00:19:31 -0400,complete,../models/skip-torch-4D-y5_y6-a477dbb0--12-32-leaky_relu-1024-adam-exp-schedule-mse-val_mse-97.263297-99.893996/config-a477dbb0.json,,,,58.99229307598943,35.86228476370194,99.89399621506898,99.40125363582175,99.3210071020671,97.26329701202616
skip,4,36,/scratch/akula.ha/dataset,42,"['y5', 'y6']",leaky_relu,32,7,8,0,0,False,exp,0.003,1e-06,120000,10000000,500000,500000,False,1024,2400,50,50,val_mse,mse,True,1,../models/,2000,c0567ad7,2024-10-25 15:52:27 -0400,cuda,../models/skip-torch-4D-y5_y6-c0567ad7,6,6,6,2,{},73218,0,73218,0.0001963676480288664,99.66414024478266,0.03341547027304643,118,68,3:15:00,2024-10-25 19:10:42 -0400,complete,../models/skip-torch-4D-y5_y6-c0567ad7--7-32-leaky_relu-1024-adam-exp-schedule-mse-val_mse-96.436802-99.819096/config-c0567ad7.json,,,,58.23106247962689,50.44906748470036,99.81909550703281,97.29472557826405,94.97632522808732,96.43680157207984
skip,4,36,/scratch/akula.ha/dataset,42,"['y5', 'y6']",leaky_relu,32,10,5,0,0,False,exp,0.003,1e-06,120000,10000000,500000,500000,False,1024,2400,50,50,val_mse,mse,True,1,../models/,2000,c728dc8a,2024-10-24 17:13:16 -0400,cuda,../models/skip-torch-4D-y5_y6-c728dc8a,6,6,6,2,{},73218,0,73218,9.664364580855993e-07,99.93475796279145,0.006773549983319985,348,298,7:29:38,2024-10-25 00:45:59 -0400,complete,../models/skip-torch-4D-y5_y6-c728dc8a--10-32-leaky_relu-1024-adam-exp-schedule-mse-val_mse-98.059747-99.940170/config-c728dc8a.json,,,,71.90075968715185,49.55489778504646,99.94017006956956,99.79511712455815,99.50068344761564,98.05974739769087
skip,4,36,/scratch/akula.ha/dataset,42,"['y5', 'y6']",leaky_relu,40,8,5,0,0,False,exp,0.003,1e-06,120000,10000000,500000,500000,False,1024,2400,50,50,val_mse,mse,True,1,../models/,2000,d1df61b9,2024-10-31 19:17:44 -0400,cuda,../models/skip-torch-4D-y5_y6-d1df61b9,6,6,6,2,{},90642,0,90642,0.00022556719426539566,99.79615122417296,0.020944054994418024,112,62,2:01:26,2024-10-31 21:21:56 -0400,complete,../models/skip-torch-4D-y5_y6-d1df61b9--8-40-leaky_relu-1024-adam-exp-schedule-mse-val_mse-96.733908-99.860437/config-d1df61b9.json,,,,63.12070264432184,42.04081083624348,99.86043723041816,99.6163876402763,99.20648700152483,96.73390807309467
skip,4,36,/scratch/akula.ha/dataset,42,"['y5', 'y6']",leaky_relu,32,16,3,0,0,False,exp,0.003,1e-06,120000,10000000,1000000,1000000,False,1024,2400,50,50,val_mse,mse,True,1,../models/,2000,e335ae1d,2024-10-24 16:56:18 -0400,cuda,../models/skip-torch-4D-y5_y6-e335ae1d,6,6,6,2,{},83778,0,83778,8.352175482565618e-05,99.74461045391183,0.024372640901935413,155,105,3:53:29,2024-10-24 20:53:09 -0400,complete,../models/skip-torch-4D-y5_y6-e335ae1d--16-32-leaky_relu-1024-adam-exp-schedule-mse-val_mse-97.158935-99.833335/config-e335ae1d.json,,,,45.27102964305656,33.53577999986646,99.83333466310675,98.56463732827866,99.12579233465694,97.15893467879758
